-- phpMyAdmin SQL Dump
-- version 4.7.6
-- https://www.phpmyadmin.net/
--
-- Host: localhost
-- Generation Time: Jan 09, 2018 at 01:10 AM
-- Server version: 10.1.29-MariaDB
-- PHP Version: 7.2.0

SET SQL_MODE = "NO_AUTO_VALUE_ON_ZERO";
SET AUTOCOMMIT = 0;
START TRANSACTION;
SET time_zone = "+00:00";


/*!40101 SET @OLD_CHARACTER_SET_CLIENT=@@CHARACTER_SET_CLIENT */;
/*!40101 SET @OLD_CHARACTER_SET_RESULTS=@@CHARACTER_SET_RESULTS */;
/*!40101 SET @OLD_COLLATION_CONNECTION=@@COLLATION_CONNECTION */;
/*!40101 SET NAMES utf8mb4 */;

--
-- Database: `foto_album`
--

-- --------------------------------------------------------

--
-- Table structure for table `album`
--

CREATE TABLE `album` (
  `ID` int(10) NOT NULL,
  `naslov_albuma` varchar(500) NOT NULL,
  `opis_albuma` varchar(1000) NOT NULL,
  `slika` varchar(500) NOT NULL,
  `status` varchar(20) NOT NULL
) ENGINE=InnoDB DEFAULT CHARSET=latin1;

--
-- Dumping data for table `album`
--

INSERT INTO `album` (`ID`, `naslov_albuma`, `opis_albuma`, `slika`, `status`) VALUES
(28, 'Lisice', 'Navádna lisíca ali rdéča lisíca (znanstveno ime Vulpes vulpes) je zelo prilagodljiva žival, saj naseljuje različne življenjske prostore. Naseljuje predele Evrope, Severne Amerike, Severne Afrike in večjega dela Azije.', '404680971animals.jpg', 'procesiranje'),
(29, 'Rakuni', 'Rakun (znanstveno ime Procyon lotor), znan tudi kot severnoameriški rakun je srednje velik sesalec, ki izvira iz Severne Amerike. Po velikosti je največji iz družine Procyonidae, saj je njegovo telo dolgo od 40 do 70 cm in tehta od 3,5 do 9 kg.', '822171672rakun.jpg', 'procesiranje'),
(30, 'Podgane', 'Podgane (znanstveno ime Rattus) spadajo med sesalce (natančneje med glodavce). Od miši se razlikujejo po velikosti, saj so velike vsaj 12 centimetrov, in imajo daljši rep.', '608493103podgana.jpg', 'procesiranje'),
(31, 'Ptice', 'Ptíči ali ptíce (znanstveno ime Aves) so dvonožni, toplokrvni vretenčarji (Vertebrata), pokriti s perjem, s sprednjimi udi spremenjenimi v peruti z lahkimi in votlimi kostmi.', '584639458ptica.jpg', 'procesiranje'),
(35, 'etsteststest', 'test', '2021762455404680971animals.jpg', 'zbrisano'),
(36, '4535345', 'test3345345', '1398093077744789670rakun.jpg', 'zbrisano'),
(37, 'test', 'delete', '641564163ss-bird_honeycreeper.jpg', 'zbrisano');

-- --------------------------------------------------------

--
-- Table structure for table `galerija`
--

CREATE TABLE `galerija` (
  `ID` int(11) NOT NULL,
  `album_id` varchar(10) NOT NULL,
  `naslov_galerije` varchar(1000) NOT NULL,
  `slika_galerija` varchar(1000) NOT NULL,
  `tagi` varchar(500) NOT NULL,
  `status` varchar(20) NOT NULL
) ENGINE=InnoDB DEFAULT CHARSET=latin1;

--
-- Dumping data for table `galerija`
--

INSERT INTO `galerija` (`ID`, `album_id`, `naslov_galerije`, `slika_galerija`, `tagi`, `status`) VALUES
(1, '', 'Lisice', '0208823638087795701.jpg', 'lisice,živali,lisica', 'procesiranje'),
(2, '31', 'Lisice', '11286974758lisica-1-960x600.jpg', 'lisice,živali,lisica', 'procesiranje'),
(6, '31', 'Rakuni', '0366825881Raccoon-5.jpg', 'rakun,živali,raccoon,trash panda,rakuni', 'brisanje'),
(7, '31', 'Rakuni', '11269128368Raccoon-1-1040x520.jpg', 'rakun,živali,raccoon,trash panda,rakuni', 'brisanje'),
(8, '31', 'Rakuni', '21342485241Raccoon-06.jpg', 'rakun,živali,raccoon,trash panda,rakuni', 'brisanje'),
(9, '31', 'Rakuni', '31860580962How-to-get-rid-of-raccoons.jpg', 'rakun,živali,raccoon,trash panda,rakuni', 'brisanje'),
(10, '31', 'Rakuni', '41983811862raccoon-grass.ngsversion.1396530745057.jpg', 'rakun,živali,raccoon,trash panda,rakuni', 'brisanje'),
(11, '31', 'Rakuni', '51093841939567341681.jpg', 'rakun,živali,raccoon,trash panda,rakuni', 'brisanje'),
(12, '30', 'Podgane', '0998391339city_rat_DurHM125_hqhbmc.jpg', 'podgane,podgana,miš,miši,miške,živali', 'brisanje'),
(13, '30', 'Podgane', '12060051007rat-tunnel.jpg', 'podgane,podgana,miš,miši,miške,živali', 'brisanje'),
(14, '30', 'Podgane', '2112264277image_5268025_1.jpg', 'podgane,podgana,miš,miši,miške,živali', 'brisanje'),
(15, '30', 'Podgane', '316788374044241977404_b4d18ee67c_b.jpg', 'podgane,podgana,miš,miši,miške,živali', 'brisanje'),
(16, '30', 'Podgane', '4116175921Whiterat-GettyImages-120691475-590f12573df78c92832783ae.jpg', 'podgane,podgana,miš,miši,miške,živali', 'brisanje'),
(17, '30', 'Podgane', '51122339235lab-rats-cancer-orig-1.jpg', 'podgane,podgana,miš,miši,miške,živali', 'brisanje'),
(18, '31', 'Ptice', '01783019541yxeok4wpwe54cn9y05j1.jpg', 'ptice,ptiči,živali', 'procesiranje'),
(19, '31', 'Ptice', '1105766478prow-featured.jpg', 'ptice,ptiči,živali', 'procesiranje'),
(20, '31', 'Ptice', '2280273245blue-birds.jpg.824x0_q71-e1468919609567.jpg', 'ptice,ptiči,živali', 'procesiranje'),
(21, '31', 'Ptice', '3547467403ss-bird_honeycreeper.jpg', 'ptice,ptiči,živali', 'procesiranje'),
(22, '31', 'Ptice', '41528317400sun-conure.jpg', 'ptice,ptiči,živali', 'procesiranje'),
(23, '31', 'Rakuni', '0767496303Raccoon-5.jpg', 'rakun,rakuni,živali', 'brisanje'),
(24, '31', 'Rakuni', '11359222048Raccoon-1-1040x520.jpg', 'rakun,rakuni,živali', 'brisanje'),
(25, '31', 'Rakuni', '2786310003Raccoon-06.jpg', 'rakun,rakuni,živali', 'brisanje'),
(26, '31', 'Rakuni', '3481008796How-to-get-rid-of-raccoons.jpg', 'rakun,rakuni,živali', 'brisanje'),
(27, '31', 'Rakuni', '41432864874raccoon-grass.ngsversion.1396530745057.jpg', 'rakun,rakuni,živali', 'brisanje'),
(28, '31', 'Rakuni', '51793134049567341681.jpg', 'rakun,rakuni,živali', 'brisanje'),
(29, '31', 'Rakuni', '02098387178Raccoon-5.jpg', 'rakun,rakuni,živali', 'brisanje'),
(30, '31', 'Rakuni', '11555565445Raccoon-1-1040x520.jpg', 'rakun,rakuni,živali', 'brisanje'),
(31, '31', 'Rakuni', '2141606631Raccoon-06.jpg', 'test', 'brisanje'),
(32, '31', 'Rakuni', '3333447413How-to-get-rid-of-raccoons.jpg', 'rakun,rakuni,živali', 'brisanje'),
(33, '31', 'Rakuni', '4288540463raccoon-grass.ngsversion.1396530745057.jpg', 'rakun,rakuni,živali', 'brisanje'),
(59, '28', 'Lisice', '0114297490087795701.jpg', 'lisica,živali', 'procesiranje'),
(60, '28', 'Lisice', '1516945613lisica-1-960x600.jpg', 'lisica,živali', 'procesiranje'),
(61, '28', 'Lisice', '21989645638cute-baby-foxes-cubs-17-574436be67482__880.jpg', 'lisica,živali', 'procesiranje'),
(62, '28', 'Lisice', '31294664293DOav3fdUIAAX-Rh.jpg', 'živali,lisica,rep,kožuh', 'procesiranje'),
(63, '28', 'Lisice', '41589698184foxtales_growingup.jpg', 'lisica,živali', 'procesiranje'),
(64, '29', 'Rakuni', '01970728565Raccoon-5.jpg', 'rakun,živali', 'procesiranje'),
(65, '29', 'Rakuni', '1623272351Raccoon-1-1040x520.jpg', 'rakun,živali', 'procesiranje'),
(66, '29', 'Rakuni', '2919742455Raccoon-06.jpg', 'rakun,živali', 'procesiranje'),
(67, '29', 'Rakuni', '31157658520How-to-get-rid-of-raccoons.jpg', 'rakun,živali', 'procesiranje'),
(68, '29', 'Rakuni', '4273170273raccoon-grass.ngsversion.1396530745057.jpg', 'rakun,živali', 'procesiranje'),
(69, '29', 'Rakuni', '5119112407567341681.jpg', 'rakun,živali', 'procesiranje'),
(70, '30', 'Podgane', '01671133592city_rat_DurHM125_hqhbmc.jpg', 'miš,živali,podgane', 'procesiranje'),
(71, '30', 'Podgane', '11064211367rat-tunnel.jpg', 'miš,živali,podgane', 'procesiranje'),
(72, '30', 'Podgane', '21376951102image_5268025_1.jpg', 'miš,živali,podgane', 'procesiranje'),
(73, '30', 'Podgane', '38086170504241977404_b4d18ee67c_b.jpg', 'miš,živali,podgane', 'procesiranje'),
(74, '31', 'Ptice', '01483082787yxeok4wpwe54cn9y05j1.jpg', 'ptice,živali', 'procesiranje'),
(75, '31', 'Ptice', '11852511777prow-featured.jpg', 'ptice,živali', 'procesiranje'),
(76, '31', 'Ptice', '21038921457blue-birds.jpg.824x0_q71-e1468919609567.jpg', 'ptice,živali', 'procesiranje'),
(77, '31', 'Ptice', '31629517293ss-bird_honeycreeper.jpg', 'ptice,živali', 'procesiranje'),
(78, '31', 'Ptice', '41066713600sun-conure.jpg', 'ptice,živali', 'procesiranje');

-- --------------------------------------------------------

--
-- Table structure for table `prijava`
--

CREATE TABLE `prijava` (
  `ID` int(11) NOT NULL,
  `uporabnisko_ime` varchar(20) NOT NULL,
  `geslo` varchar(20) NOT NULL,
  `status` varchar(20) NOT NULL
) ENGINE=InnoDB DEFAULT CHARSET=latin1;

--
-- Dumping data for table `prijava`
--

INSERT INTO `prijava` (`ID`, `uporabnisko_ime`, `geslo`, `status`) VALUES
(1, 'admin', 'admin', 'admin'),
(2, 'uporabnik', 'geslo', 'admin'),
(3, 'test', 'test', 'admin');

--
-- Indexes for dumped tables
--

--
-- Indexes for table `album`
--
ALTER TABLE `album`
  ADD PRIMARY KEY (`ID`);

--
-- Indexes for table `galerija`
--
ALTER TABLE `galerija`
  ADD PRIMARY KEY (`ID`);

--
-- Indexes for table `prijava`
--
ALTER TABLE `prijava`
  ADD PRIMARY KEY (`ID`);

--
-- AUTO_INCREMENT for dumped tables
--

--
-- AUTO_INCREMENT for table `album`
--
ALTER TABLE `album`
  MODIFY `ID` int(10) NOT NULL AUTO_INCREMENT, AUTO_INCREMENT=38;

--
-- AUTO_INCREMENT for table `galerija`
--
ALTER TABLE `galerija`
  MODIFY `ID` int(11) NOT NULL AUTO_INCREMENT, AUTO_INCREMENT=79;

--
-- AUTO_INCREMENT for table `prijava`
--
ALTER TABLE `prijava`
  MODIFY `ID` int(11) NOT NULL AUTO_INCREMENT, AUTO_INCREMENT=4;
COMMIT;

/*!40101 SET CHARACTER_SET_CLIENT=@OLD_CHARACTER_SET_CLIENT */;
/*!40101 SET CHARACTER_SET_RESULTS=@OLD_CHARACTER_SET_RESULTS */;
/*!40101 SET COLLATION_CONNECTION=@OLD_COLLATION_CONNECTION */;
